date,bet,bet365,betano,sportingbet,apostas esportivas,isPartial,data,ano,mes,soma_termos,score_composto_real,score_bet_real,score_bet_solo,score_atual_sintetico
2015-01-01,1,0,0,1,0,False,2015-01-01,2015,1,2,0.67,1,1,2.27
2015-02-01,1,0,0,1,0,False,2015-02-01,2015,2,2,0.67,1,1,1.83
2015-03-01,1,1,0,1,0,False,2015-03-01,2015,3,3,1.0,1,1,2.54
2015-04-01,1,1,0,1,0,False,2015-04-01,2015,4,3,1.0,1,1,3.31
2015-05-01,1,1,0,1,0,False,2015-05-01,2015,5,3,1.0,1,1,2.06
2015-06-01,1,0,0,1,0,False,2015-06-01,2015,6,2,0.67,1,1,2.12
2015-07-01,1,1,0,2,0,False,2015-07-01,2015,7,4,1.34,1,1,3.53
2015-08-01,1,1,0,2,0,False,2015-08-01,2015,8,4,1.34,1,1,2.95
2015-09-01,1,1,0,2,0,False,2015-09-01,2015,9,4,1.34,1,1,2.0
2015-10-01,1,1,0,2,0,False,2015-10-01,2015,10,4,1.34,1,1,2.85
2015-11-01,1,1,0,2,0,False,2015-11-01,2015,11,4,1.34,1,1,2.09
2015-12-01,1,1,0,2,0,False,2015-12-01,2015,12,4,1.34,1,1,1.7
2016-01-01,1,1,0,2,0,False,2016-01-01,2016,1,4,1.34,1,1,2.57
2016-02-01,1,1,0,2,0,False,2016-02-01,2016,2,4,1.34,1,1,1.0
2016-03-01,1,1,0,2,0,False,2016-03-01,2016,3,4,1.34,1,1,1.2
2016-04-01,1,1,0,3,0,False,2016-04-01,2016,4,5,1.67,1,1,2.21
2016-05-01,1,1,0,3,0,False,2016-05-01,2016,5,5,1.67,1,1,2.05
2016-06-01,2,2,0,3,0,False,2016-06-01,2016,6,7,2.34,2,2,3.19
2016-07-01,1,2,0,3,0,False,2016-07-01,2016,7,6,2.01,1,1,2.16
2016-08-01,1,1,0,2,0,False,2016-08-01,2016,8,4,1.34,1,1,1.84
2016-09-01,1,1,0,2,0,False,2016-09-01,2016,9,4,1.34,1,1,4.2
2016-10-01,1,2,0,3,0,False,2016-10-01,2016,10,6,2.01,1,1,2.9
2016-11-01,1,2,0,2,0,False,2016-11-01,2016,11,5,1.67,1,2,3.19
2016-12-01,1,1,0,2,0,False,2016-12-01,2016,12,4,1.34,1,1,1.49
2017-01-01,1,2,0,2,0,False,2017-01-01,2017,1,5,1.67,1,1,2.54
2017-02-01,1,2,0,3,0,False,2017-02-01,2017,2,6,2.01,1,1,3.17
2017-03-01,2,2,0,3,0,False,2017-03-01,2017,3,7,2.34,2,2,2.3
2017-04-01,2,3,0,3,0,False,2017-04-01,2017,4,8,2.68,2,2,3.63
2017-05-01,2,3,0,3,0,False,2017-05-01,2017,5,8,2.68,2,2,3.09
2017-06-01,2,3,0,3,0,False,2017-06-01,2017,6,8,2.68,2,2,3.44
2017-07-01,3,4,0,4,0,False,2017-07-01,2017,7,11,3.68,3,3,3.12
2017-08-01,3,4,0,4,0,False,2017-08-01,2017,8,11,3.68,3,3,5.19
2017-09-01,3,4,0,3,0,False,2017-09-01,2017,9,10,3.34,3,3,3.77
2017-10-01,2,3,0,3,0,False,2017-10-01,2017,10,8,2.68,2,3,3.0
2017-11-01,2,3,0,2,0,False,2017-11-01,2017,11,7,2.34,2,2,4.58
2017-12-01,2,3,0,2,0,False,2017-12-01,2017,12,7,2.34,2,2,2.31
2018-01-01,2,3,0,2,0,False,2018-01-01,2018,1,7,2.34,2,2,5.95
2018-02-01,2,4,0,2,0,False,2018-02-01,2018,2,8,2.68,2,3,4.42
2018-03-01,3,4,0,2,0,False,2018-03-01,2018,3,9,3.01,3,3,5.19
2018-04-01,3,5,0,3,0,False,2018-04-01,2018,4,11,3.68,3,4,6.62
2018-05-01,3,5,0,3,0,False,2018-05-01,2018,5,11,3.68,3,4,7.53
2018-06-01,4,6,0,4,0,False,2018-06-01,2018,6,14,4.68,4,4,9.78
2018-07-01,4,5,0,3,0,False,2018-07-01,2018,7,12,4.01,4,4,9.36
2018-08-01,4,5,0,3,0,False,2018-08-01,2018,8,12,4.01,4,4,6.97
2018-09-01,4,5,0,3,0,False,2018-09-01,2018,9,12,4.01,4,4,6.16
2018-10-01,4,5,0,3,0,False,2018-10-01,2018,10,12,4.01,4,4,6.9
2018-11-01,4,5,0,3,0,False,2018-11-01,2018,11,12,4.01,4,4,7.25
2018-12-01,3,4,0,2,0,False,2018-12-01,2018,12,9,3.01,3,3,7.24
2019-01-01,3,5,0,3,0,False,2019-01-01,2019,1,11,3.68,3,3,12.34
2019-02-01,3,6,0,3,0,False,2019-02-01,2019,2,12,4.01,3,4,11.09
2019-03-01,4,7,0,3,0,False,2019-03-01,2019,3,14,4.68,4,4,13.32
2019-04-01,4,9,0,3,0,False,2019-04-01,2019,4,16,5.35,4,4,13.18
2019-05-01,4,10,0,3,0,False,2019-05-01,2019,5,17,5.69,4,4,13.94
2019-06-01,4,11,0,4,0,False,2019-06-01,2019,6,19,6.35,4,5,15.4
2019-07-01,4,11,0,4,0,False,2019-07-01,2019,7,19,6.35,4,5,15.45
2019-08-01,4,12,0,4,0,False,2019-08-01,2019,8,20,6.69,4,5,15.8
2019-09-01,4,11,0,4,0,False,2019-09-01,2019,9,19,6.35,4,5,14.66
2019-10-01,5,12,0,4,0,False,2019-10-01,2019,10,21,7.02,5,6,15.37
2019-11-01,5,14,0,4,0,False,2019-11-01,2019,11,23,7.69,5,6,16.17
2019-12-01,5,14,0,4,0,False,2019-12-01,2019,12,23,7.69,5,6,14.13
2020-01-01,5,13,0,4,0,False,2020-01-01,2020,1,22,7.36,5,5,18.74
2020-02-01,5,16,0,4,0,False,2020-02-01,2020,2,25,8.36,5,6,19.65
2020-03-01,4,12,0,3,0,False,2020-03-01,2020,3,19,6.35,4,4,19.81
2020-04-01,2,5,0,1,0,False,2020-04-01,2020,4,8,2.68,2,2,20.42
2020-05-01,2,7,0,2,0,False,2020-05-01,2020,5,11,3.68,2,2,23.6
2020-06-01,4,12,0,3,0,False,2020-06-01,2020,6,19,6.35,4,4,24.71
2020-07-01,6,15,0,4,0,False,2020-07-01,2020,7,25,8.36,6,6,23.12
2020-08-01,8,20,0,5,0,False,2020-08-01,2020,8,33,11.04,8,9,24.65
2020-09-01,8,20,0,6,0,False,2020-09-01,2020,9,34,11.37,8,9,24.59
2020-10-01,8,19,0,6,0,False,2020-10-01,2020,10,33,11.04,8,8,24.23
2020-11-01,8,20,0,6,0,False,2020-11-01,2020,11,34,11.37,8,9,25.49
2020-12-01,8,23,0,7,0,False,2020-12-01,2020,12,38,12.71,8,8,22.38
2021-01-01,9,25,0,7,0,False,2021-01-01,2021,1,41,13.71,9,9,35.67
2021-02-01,9,28,1,7,0,False,2021-02-01,2021,2,45,15.05,9,9,38.21
2021-03-01,8,27,1,7,0,False,2021-03-01,2021,3,43,14.38,8,9,36.54
2021-04-01,10,32,1,8,0,False,2021-04-01,2021,4,51,17.06,10,11,40.56
2021-05-01,11,34,1,9,0,False,2021-05-01,2021,5,55,18.39,11,12,42.91
2021-06-01,11,40,2,9,0,False,2021-06-01,2021,6,62,20.74,11,12,43.86
2021-07-01,13,44,3,12,0,False,2021-07-01,2021,7,72,24.08,13,14,43.33
2021-08-01,14,42,3,13,0,False,2021-08-01,2021,8,72,24.08,14,16,42.93
2021-09-01,19,53,4,16,0,False,2021-09-01,2021,9,92,30.77,19,20,45.18
2021-10-01,22,58,5,18,1,False,2021-10-01,2021,10,104,34.78,22,24,46.49
2021-11-01,23,61,6,16,1,False,2021-11-01,2021,11,107,35.79,23,26,48.22
2021-12-01,20,59,8,15,0,False,2021-12-01,2021,12,102,34.11,20,22,39.07
2022-01-01,16,51,8,10,0,False,2022-01-01,2022,1,85,28.43,16,18,57.58
2022-02-01,20,65,12,13,1,False,2022-02-01,2022,2,111,37.12,20,22,59.88
2022-03-01,20,65,14,12,0,False,2022-03-01,2022,3,111,37.12,20,22,63.75
2022-04-01,32,97,21,18,1,False,2022-04-01,2022,4,169,56.52,32,35,65.34
2022-05-01,41,95,26,19,1,False,2022-05-01,2022,5,182,60.87,41,45,69.45
2022-06-01,48,82,36,18,1,False,2022-06-01,2022,6,185,61.87,48,52,72.34
2022-07-01,54,83,46,19,1,False,2022-07-01,2022,7,203,67.89,54,59,70.63
2022-08-01,57,87,48,20,1,False,2022-08-01,2022,8,213,71.24,57,63,73.38
2022-09-01,60,90,59,19,1,False,2022-09-01,2022,9,229,76.59,60,66,73.42
2022-10-01,59,87,68,18,0,False,2022-10-01,2022,10,232,77.59,59,65,75.09
2022-11-01,73,94,77,18,1,False,2022-11-01,2022,11,263,87.96,73,80,100.0
2022-12-01,69,94,79,14,1,False,2022-12-01,2022,12,257,85.95,69,76,88.98
2023-01-01,60,89,77,12,1,False,2023-01-01,2023,1,239,79.93,60,66,75.04
2023-02-01,68,90,90,16,1,False,2023-02-01,2023,2,265,88.63,68,74,77.65
2023-03-01,67,82,86,14,1,False,2023-03-01,2023,3,250,83.61,67,73,80.96
2023-04-01,80,99,100,19,1,False,2023-04-01,2023,4,299,100.0,80,88,83.41
2023-05-01,80,94,93,18,1,False,2023-05-01,2023,5,286,95.65,80,88,88.63
2023-06-01,76,69,90,15,1,False,2023-06-01,2023,6,251,83.95,76,83,92.06
2023-07-01,80,77,98,15,1,False,2023-07-01,2023,7,271,90.64,80,88,90.37
2023-08-01,85,80,92,16,1,False,2023-08-01,2023,8,274,91.64,85,93,92.64
2023-09-01,91,78,90,16,1,False,2023-09-01,2023,9,276,92.31,91,100,94.91
2023-10-01,83,84,89,15,1,False,2023-10-01,2023,10,272,90.97,83,91,97.12
2023-11-01,74,84,94,15,0,False,2023-11-01,2023,11,267,89.3,74,81,100.0
2023-12-01,73,77,98,15,1,False,2023-12-01,2023,12,264,88.29,73,80,82.86
2024-01-01,63,71,81,13,0,False,2024-01-01,2024,1,228,76.25,63,69,82.23
2024-02-01,47,57,73,12,0,False,2024-02-01,2024,2,189,63.21,47,52,84.86
2024-03-01,48,57,78,13,0,False,2024-03-01,2024,3,196,65.55,48,53,87.24
2024-04-01,51,63,91,16,0,False,2024-04-01,2024,4,221,73.91,51,56,91.65
2024-05-01,55,62,88,15,0,False,2024-05-01,2024,5,220,73.58,55,60,98.48
2024-06-01,56,56,84,14,0,False,2024-06-01,2024,6,210,70.23,56,62,100.0
2024-07-01,62,63,97,16,0,False,2024-07-01,2024,7,238,79.6,62,68,99.24
2024-08-01,63,51,82,16,0,False,2024-08-01,2024,8,212,70.9,63,69,100.0
2024-09-01,65,46,78,15,0,False,2024-09-01,2024,9,204,68.23,65,71,100.0
2024-10-01,61,37,67,12,0,False,2024-10-01,2024,10,177,59.2,61,67,100.0
2024-11-01,60,28,59,10,0,False,2024-11-01,2024,11,157,52.51,60,66,100.0
2024-12-01,59,24,61,8,0,False,2024-12-01,2024,12,152,50.84,59,65,91.31
2025-01-01,57,22,46,8,0,False,2025-01-01,2025,1,133,44.48,57,62,78.83
2025-02-01,53,22,51,8,0,False,2025-02-01,2025,2,134,44.82,53,58,80.23
2025-03-01,56,23,48,7,0,False,2025-03-01,2025,3,134,44.82,56,61,85.76
2025-04-01,60,25,54,7,0,False,2025-04-01,2025,4,146,48.83,60,66,86.28
2025-05-01,60,24,53,6,0,False,2025-05-01,2025,5,143,47.83,60,66,94.31
2025-06-01,61,27,51,6,0,False,2025-06-01,2025,6,145,48.49,61,66,98.35
2025-07-01,67,27,49,5,0,False,2025-07-01,2025,7,148,49.5,67,74,93.97
2025-08-01,63,29,46,6,0,False,2025-08-01,2025,8,144,48.16,63,69,97.07
2025-09-01,64,29,46,5,0,False,2025-09-01,2025,9,144,48.16,64,70,99.44
2025-10-01,62,29,50,6,0,False,2025-10-01,2025,10,147,49.16,62,68,100.0
2025-11-01,62,27,50,6,0,False,2025-11-01,2025,11,145,48.49,62,68,100.0
2025-12-01,71,23,47,5,0,False,2025-12-01,2025,12,146,48.83,71,78,86.53
